cluster_name,percentage
Escapada,16.372598625687566
Familias,20.0385063586158
Grupos,79.51807228915662
Lujo,11.490941055818723
