cluster_name,h_num_per,h_num_adu,h_num_men,h_num_noc,h_tot_hab,h_tfa_total,lead_time,rate_per_night,ID_Agencia,cluster,cancelled,no_show,ID_canal
Escapada,1.9889500057127,1.914929733788173,0.0017627760458321772,3.3772177518076614,1.0,7678.145215205575,42.65216184895621,2649.679996838747,69.32492206244797,1.0,0.16372598625687565,0.011082638288148596,3.1774201446129235
Familias,3.7265035213051627,3.0906419415311346,0.3091655266757866,3.5243958048335613,1.0,9178.735882859553,62.60237118103055,3118.92201344946,79.75234331458681,2.0,0.20038506358615799,0.008359933120535035,4.179054567563459
Grupos,4.959839357429719,4.120481927710843,0.7871485943775101,6.600401606425703,2.3674698795180724,3733.0694779116466,136.2008032128514,840.4443172690764,108.23092369477912,3.0,0.7951807228915663,0.0,7.779116465863454
Lujo,2.0688577428334227,2.02124334619329,0.015187771646237242,2.992186355423158,0.9887678859207891,8687.518025101333,232.94955315720077,2935.5568387335115,76.99145382624408,0.0,0.11490941055818724,0.004004492845631685,3.7968452410021
